{
  "resolution_m_per_px": 0.010000000000000002,
  "world_min_x_m": 12.924053441611727,
  "world_max_x_m": 33.92342237556978,
  "world_min_z_m": 17.727183589528877,
  "world_max_z_m": 32.82686214447022,
  "width_px": 2100,
  "height_px": 1510,
  "wall_count": 49,
  "note": "Grid (row,col) -> world (z,x) in TRUE METERS. Unity 1 unit = 0.1m (dm) per Lidar.cs source.",
  "unity_to_m_scale": 0.1
}